drug,generic,nhs_qty,nhs_pence,dose_per_day,us_days,nhs_pence_per_tab,nhs_30day_pence,nhs_30day_gbp,nhs_30day_usd,medicare_list,medicare_spending_2023_b,ratio_medicare_vs_nhs
Eliquis,Apixaban,56,109,2,30,1.9464285714285714,116.78571428571428,1.1678571428571427,1.4831785714285712,862,18.27,581.1842327048569
Xarelto,Rivaroxaban,28,123,1,30,4.392857142857143,131.7857142857143,1.317857142857143,1.6736785714285718,948,6.31,566.4170027527045
Jardiance,Empagliflozin,28,3659,1,30,130.67857142857142,3920.3571428571427,39.20357142857143,49.788535714285715,1084,8.84,21.772080348387718
Farxiga,Dapagliflozin,28,659,1,30,23.535714285714285,706.0714285714286,7.060714285714286,8.967107142857143,1010,4.34,112.6338722075522
Januvia,Sitagliptin,28,232,1,30,8.285714285714286,248.57142857142858,2.4857142857142858,3.156857142857143,1015,4.09,321.5223097112861
Entresto,Sacubitril/Valsr,56,9156,2,30,163.5,9810.0,98.1,124.58699999999999,1072,3.43,8.604429033526774
