insurer,cms_enrollment,requests_per_enrollee,denial_rate,appeal_rate,appeals_overturned,total_requests,total_denials,silent_denials,wrongful_silent_denials,suppressed_care_value
Elevance Health,52411764.705882356,2.7,4.1,9.1,87.9,141511764.70588237,5801982.352941177,5274001.95882353,4635847.721805883,9271695443.611765
Centene Corporation,9755389.0,2.7,11.9,7.5,95.3,26339550.3,3134406.4857000005,2899325.9992725006,2763057.677306693,5526115354.613386
Other Insurers,30387321.0,2.0,5.1,11.2,77.8,60774642.0,3099506.7419999996,2752361.986896,2141337.625805088,4282675251.6101756
UnitedHealth Group,17470588.23529412,0.9,12.6,12.0,78.8,15723529.411764707,1981164.7058823532,1743424.9411764708,1373818.8536470588,2747637707.2941175
CVS Health Corporation,8085360.0,1.1,11.6,21.4,92.6,8893896.0,1031691.936,810909.861696,750902.5319304959,1501805063.8609917
Humana Inc.,10817009.0,2.1,5.5,11.6,64.7,22715718.900000002,1249364.5395000002,1104438.252918,714571.5496379461,1429143099.275892
Kaiser Foundation Health Plan,2094340.0,0.6,10.3,1.7,50.2,1256604.0,129430.21200000001,127229.89839600002,63869.40899479201,127738817.98958401
