year,pharma_rebates_billions
2024,76.91657589780465
2023,66.55793752996661
2022,53.38197641017902
2021,42.654552125773066
2020,35.541329433087995
2019,30.087337880579028
