band,A_factor,A_bil,B_factor,B_bil,C_factor,C_bil,D_factor,D_bil,total_pre_overlap_bil,overlap_subtraction_bil,booked_post_overlap_bil
conservative,0.4,25.670724526049153,0.4,1.8886603111307985,0.6,1.7365971533955777,0.4,0.9443301555654005,30.24031214614093,10.59209364384228,19.64821850229865
central,0.55,35.297246223317586,0.55,2.596907927804848,0.8,2.3154628711941037,0.6,1.4164952333481007,41.62611225566464,14.007833676699393,27.618278578965246
aggressive,0.7,44.92376792058601,0.7,3.305155544478897,0.95,2.749612159542998,0.8,1.888660311130801,52.86719593573871,17.380158780721615,35.48703715501709
